HotelID,HabitacionID,Precio,TipoCama,TipoServicio
1,H1_1,4544.25,Habitación con una cama,Habitación con Frigobar
1,H1_2,4320.02,Habitación con cama matrimonial,Habitación con Jacuzzi
1,H1_3,4917.57,Habitación con cama doble,Habitación con Jacuzzi
1,H1_4,4454.57,Habitación con una cama,Habitación con Jacuzzi
1,H1_5,1776.43,Habitación con cama matrimonial,Habitación con Frigobar
1,H1_6,1696.88,Habitación con cama doble,Habitación con Frigobar
1,H1_7,3599.02,Habitación con cama doble,Habitación con Spa
1,H1_8,1563.04,Habitación con cama matrimonial,Habitación con Frigobar
1,H1_9,4848.81,Habitación con una cama,Habitación con Jacuzzi
1,H1_10,2158.54,Habitación con cama doble,Habitación con Frigobar
1,H1_11,3895.99,Habitación con cama doble,Habitación con Jacuzzi
1,H1_12,1581.78,Habitación con una cama,Habitación con Frigobar
1,H1_13,1163.26,Habitación con cama matrimonial,Habitación con Spa
1,H1_14,4624.25,Habitación con cama doble,Habitación con Jacuzzi
1,H1_15,672.84,Habitación con cama matrimonial,Habitación con Jacuzzi
2,H2_1,3780.08,Habitación con una cama,Habitación con Spa
2,H2_2,962.52,Habitación con cama doble,Habitación con Frigobar
2,H2_3,3253.91,Habitación con cama matrimonial,Habitación con Jacuzzi
2,H2_4,3776.32,Habitación con una cama,Habitación con Jacuzzi
2,H2_5,1338.86,Habitación con cama doble,Habitación con Spa
2,H2_6,1696.36,Habitación con una cama,Habitación con Frigobar
2,H2_7,933.32,Habitación con una cama,Habitación con Spa
2,H2_8,2073.37,Habitación con cama doble,Habitación con Jacuzzi
2,H2_9,4288.61,Habitación con cama doble,Habitación con Frigobar
2,H2_10,2126.86,Habitación con cama doble,Habitación con Jacuzzi
2,H2_11,3344.14,Habitación con cama matrimonial,Habitación con Spa
2,H2_12,4355.93,Habitación con cama matrimonial,Habitación con Frigobar
2,H2_13,832.01,Habitación con cama matrimonial,Habitación con Jacuzzi
2,H2_14,4421.37,Habitación con cama doble,Habitación con Spa
2,H2_15,4439.17,Habitación con una cama,Habitación con Spa
3,H3_1,4860.64,Habitación con una cama,Habitación con Frigobar
3,H3_2,3075.14,Habitación con una cama,Habitación con Spa
3,H3_3,2733.6,Habitación con cama matrimonial,Habitación con Jacuzzi
3,H3_4,2123.95,Habitación con cama matrimonial,Habitación con Spa
3,H3_5,3835.6,Habitación con una cama,Habitación con Frigobar
3,H3_6,3597.26,Habitación con una cama,Habitación con Jacuzzi
3,H3_7,3320.93,Habitación con una cama,Habitación con Spa
3,H3_8,3602.62,Habitación con cama doble,Habitación con Spa
3,H3_9,1570.54,Habitación con cama matrimonial,Habitación con Jacuzzi
3,H3_10,3363.79,Habitación con una cama,Habitación con Jacuzzi
3,H3_11,959.75,Habitación con cama doble,Habitación con Frigobar
3,H3_12,1861.46,Habitación con cama matrimonial,Habitación con Jacuzzi
3,H3_13,897.17,Habitación con cama doble,Habitación con Jacuzzi
3,H3_14,4882.94,Habitación con cama matrimonial,Habitación con Spa
3,H3_15,3377.65,Habitación con cama doble,Habitación con Jacuzzi
4,H4_1,3600.71,Habitación con cama matrimonial,Habitación con Jacuzzi
4,H4_2,2983.26,Habitación con cama doble,Habitación con Spa
4,H4_3,4742.46,Habitación con cama doble,Habitación con Jacuzzi
4,H4_4,3973.9,Habitación con cama doble,Habitación con Frigobar
4,H4_5,1663.01,Habitación con cama doble,Habitación con Spa
4,H4_6,3436.03,Habitación con cama matrimonial,Habitación con Spa
4,H4_7,3344.29,Habitación con cama matrimonial,Habitación con Spa
4,H4_8,3022.79,Habitación con una cama,Habitación con Jacuzzi
4,H4_9,1097.34,Habitación con cama doble,Habitación con Jacuzzi
4,H4_10,3404.08,Habitación con cama doble,Habitación con Frigobar
4,H4_11,2810.33,Habitación con una cama,Habitación con Spa
4,H4_12,3913.58,Habitación con cama matrimonial,Habitación con Frigobar
4,H4_13,3370.02,Habitación con cama doble,Habitación con Jacuzzi
4,H4_14,2821.18,Habitación con una cama,Habitación con Spa
4,H4_15,3739.13,Habitación con cama matrimonial,Habitación con Jacuzzi
5,H5_1,1829.08,Habitación con una cama,Habitación con Jacuzzi
5,H5_2,3792.79,Habitación con cama matrimonial,Habitación con Spa
5,H5_3,1953.57,Habitación con cama doble,Habitación con Jacuzzi
5,H5_4,696.96,Habitación con cama matrimonial,Habitación con Frigobar
5,H5_5,934.35,Habitación con cama matrimonial,Habitación con Frigobar
5,H5_6,1325.77,Habitación con una cama,Habitación con Jacuzzi
5,H5_7,3603.21,Habitación con cama doble,Habitación con Jacuzzi
5,H5_8,4733.78,Habitación con cama doble,Habitación con Spa
5,H5_9,3263.42,Habitación con cama matrimonial,Habitación con Spa
5,H5_10,4801.91,Habitación con cama matrimonial,Habitación con Frigobar
5,H5_11,4853.21,Habitación con una cama,Habitación con Spa
5,H5_12,4204.9,Habitación con cama matrimonial,Habitación con Frigobar
5,H5_13,3752.21,Habitación con una cama,Habitación con Frigobar
5,H5_14,4945.84,Habitación con cama doble,Habitación con Frigobar
5,H5_15,2968.93,Habitación con una cama,Habitación con Spa
6,H6_1,1468.07,Habitación con una cama,Habitación con Frigobar
6,H6_2,1292.86,Habitación con cama matrimonial,Habitación con Jacuzzi
6,H6_3,1423.57,Habitación con cama doble,Habitación con Spa
6,H6_4,1157.27,Habitación con cama matrimonial,Habitación con Frigobar
6,H6_5,3922.15,Habitación con cama doble,Habitación con Jacuzzi
6,H6_6,3018.67,Habitación con cama doble,Habitación con Spa
6,H6_7,4376.29,Habitación con cama matrimonial,Habitación con Spa
6,H6_8,4261.0,Habitación con cama doble,Habitación con Jacuzzi
6,H6_9,4450.62,Habitación con una cama,Habitación con Spa
6,H6_10,2261.39,Habitación con cama doble,Habitación con Frigobar
6,H6_11,4496.72,Habitación con cama matrimonial,Habitación con Spa
6,H6_12,2900.51,Habitación con cama doble,Habitación con Spa
6,H6_13,2181.42,Habitación con cama matrimonial,Habitación con Jacuzzi
6,H6_14,779.3,Habitación con una cama,Habitación con Frigobar
6,H6_15,4264.57,Habitación con una cama,Habitación con Spa
7,H7_1,4833.06,Habitación con cama matrimonial,Habitación con Spa
7,H7_2,4915.3,Habitación con cama matrimonial,Habitación con Spa
7,H7_3,845.22,Habitación con cama matrimonial,Habitación con Frigobar
7,H7_4,4621.51,Habitación con una cama,Habitación con Spa
7,H7_5,2051.69,Habitación con una cama,Habitación con Spa
7,H7_6,878.38,Habitación con cama matrimonial,Habitación con Spa
7,H7_7,633.82,Habitación con una cama,Habitación con Spa
7,H7_8,4177.59,Habitación con cama matrimonial,Habitación con Spa
7,H7_9,3996.3,Habitación con cama doble,Habitación con Spa
7,H7_10,4197.24,Habitación con una cama,Habitación con Frigobar
7,H7_11,2917.93,Habitación con una cama,Habitación con Jacuzzi
7,H7_12,1009.88,Habitación con una cama,Habitación con Spa
7,H7_13,4467.04,Habitación con cama doble,Habitación con Frigobar
7,H7_14,2273.13,Habitación con cama doble,Habitación con Spa
7,H7_15,2318.3,Habitación con cama doble,Habitación con Jacuzzi
8,H8_1,2898.14,Habitación con cama doble,Habitación con Jacuzzi
8,H8_2,4483.88,Habitación con cama matrimonial,Habitación con Frigobar
8,H8_3,824.07,Habitación con cama matrimonial,Habitación con Spa
8,H8_4,4710.75,Habitación con cama matrimonial,Habitación con Jacuzzi
8,H8_5,2100.55,Habitación con una cama,Habitación con Spa
8,H8_6,3795.61,Habitación con cama doble,Habitación con Spa
8,H8_7,1176.61,Habitación con cama doble,Habitación con Frigobar
8,H8_8,1052.49,Habitación con cama matrimonial,Habitación con Jacuzzi
8,H8_9,3515.48,Habitación con una cama,Habitación con Frigobar
8,H8_10,2966.71,Habitación con cama doble,Habitación con Frigobar
8,H8_11,3883.21,Habitación con cama doble,Habitación con Frigobar
8,H8_12,1728.87,Habitación con una cama,Habitación con Jacuzzi
8,H8_13,3966.02,Habitación con cama matrimonial,Habitación con Frigobar
8,H8_14,3952.75,Habitación con cama matrimonial,Habitación con Spa
8,H8_15,2511.88,Habitación con una cama,Habitación con Frigobar
9,H9_1,4390.39,Habitación con cama matrimonial,Habitación con Frigobar
9,H9_2,3762.95,Habitación con cama matrimonial,Habitación con Jacuzzi
9,H9_3,2919.98,Habitación con una cama,Habitación con Frigobar
9,H9_4,1710.79,Habitación con cama doble,Habitación con Spa
9,H9_5,2768.0,Habitación con una cama,Habitación con Jacuzzi
9,H9_6,4484.1,Habitación con cama doble,Habitación con Spa
9,H9_7,3196.38,Habitación con cama doble,Habitación con Spa
9,H9_8,4179.79,Habitación con cama doble,Habitación con Frigobar
9,H9_9,4185.07,Habitación con cama matrimonial,Habitación con Frigobar
9,H9_10,1050.27,Habitación con cama matrimonial,Habitación con Frigobar
9,H9_11,1547.55,Habitación con cama doble,Habitación con Frigobar
9,H9_12,4411.19,Habitación con una cama,Habitación con Jacuzzi
9,H9_13,3764.64,Habitación con cama matrimonial,Habitación con Frigobar
9,H9_14,1958.83,Habitación con cama matrimonial,Habitación con Jacuzzi
9,H9_15,3416.98,Habitación con cama doble,Habitación con Frigobar
10,H10_1,1525.04,Habitación con cama doble,Habitación con Jacuzzi
10,H10_2,2323.82,Habitación con una cama,Habitación con Jacuzzi
10,H10_3,2393.75,Habitación con cama matrimonial,Habitación con Frigobar
10,H10_4,871.68,Habitación con una cama,Habitación con Jacuzzi
10,H10_5,1409.21,Habitación con cama matrimonial,Habitación con Jacuzzi
10,H10_6,1290.19,Habitación con una cama,Habitación con Jacuzzi
10,H10_7,3278.27,Habitación con cama doble,Habitación con Frigobar
10,H10_8,616.66,Habitación con cama matrimonial,Habitación con Frigobar
10,H10_9,1614.82,Habitación con cama doble,Habitación con Frigobar
10,H10_10,2330.55,Habitación con cama doble,Habitación con Jacuzzi
10,H10_11,4510.99,Habitación con cama matrimonial,Habitación con Spa
10,H10_12,2260.96,Habitación con cama doble,Habitación con Spa
10,H10_13,3303.78,Habitación con una cama,Habitación con Jacuzzi
10,H10_14,853.01,Habitación con cama matrimonial,Habitación con Jacuzzi
10,H10_15,1459.8,Habitación con una cama,Habitación con Spa
11,H11_1,2654.43,Habitación con una cama,Habitación con Spa
11,H11_2,2625.23,Habitación con una cama,Habitación con Jacuzzi
11,H11_3,3236.64,Habitación con cama matrimonial,Habitación con Spa
11,H11_4,4355.48,Habitación con cama doble,Habitación con Jacuzzi
11,H11_5,3151.74,Habitación con cama doble,Habitación con Jacuzzi
11,H11_6,3531.02,Habitación con cama doble,Habitación con Spa
11,H11_7,2552.36,Habitación con cama matrimonial,Habitación con Spa
11,H11_8,791.92,Habitación con cama doble,Habitación con Frigobar
11,H11_9,4072.71,Habitación con cama doble,Habitación con Frigobar
11,H11_10,3512.62,Habitación con cama matrimonial,Habitación con Spa
11,H11_11,1449.76,Habitación con una cama,Habitación con Frigobar
11,H11_12,3791.9,Habitación con cama doble,Habitación con Jacuzzi
11,H11_13,3501.57,Habitación con una cama,Habitación con Jacuzzi
11,H11_14,3704.53,Habitación con una cama,Habitación con Spa
11,H11_15,1668.47,Habitación con una cama,Habitación con Spa
12,H12_1,4675.54,Habitación con cama matrimonial,Habitación con Jacuzzi
12,H12_2,2492.73,Habitación con cama doble,Habitación con Frigobar
12,H12_3,1396.63,Habitación con cama doble,Habitación con Frigobar
12,H12_4,1734.91,Habitación con cama matrimonial,Habitación con Spa
12,H12_5,3444.13,Habitación con cama doble,Habitación con Jacuzzi
12,H12_6,525.71,Habitación con cama doble,Habitación con Spa
12,H12_7,3950.16,Habitación con una cama,Habitación con Spa
12,H12_8,1794.77,Habitación con una cama,Habitación con Jacuzzi
12,H12_9,1873.83,Habitación con cama doble,Habitación con Frigobar
12,H12_10,4211.56,Habitación con una cama,Habitación con Frigobar
12,H12_11,1639.08,Habitación con cama matrimonial,Habitación con Spa
12,H12_12,2396.99,Habitación con cama matrimonial,Habitación con Spa
12,H12_13,3809.18,Habitación con cama matrimonial,Habitación con Spa
12,H12_14,1420.76,Habitación con una cama,Habitación con Jacuzzi
12,H12_15,4232.38,Habitación con cama doble,Habitación con Frigobar
13,H13_1,2088.46,Habitación con cama doble,Habitación con Jacuzzi
13,H13_2,2538.45,Habitación con cama doble,Habitación con Frigobar
13,H13_3,4833.59,Habitación con cama doble,Habitación con Spa
13,H13_4,3713.0,Habitación con cama matrimonial,Habitación con Frigobar
13,H13_5,4344.94,Habitación con una cama,Habitación con Jacuzzi
13,H13_6,2451.69,Habitación con cama matrimonial,Habitación con Spa
13,H13_7,2166.51,Habitación con cama doble,Habitación con Jacuzzi
13,H13_8,1614.27,Habitación con una cama,Habitación con Spa
13,H13_9,3785.94,Habitación con una cama,Habitación con Spa
13,H13_10,2687.18,Habitación con cama doble,Habitación con Jacuzzi
13,H13_11,2066.89,Habitación con cama doble,Habitación con Jacuzzi
13,H13_12,1125.74,Habitación con cama matrimonial,Habitación con Jacuzzi
13,H13_13,3493.27,Habitación con una cama,Habitación con Spa
13,H13_14,4284.8,Habitación con cama doble,Habitación con Spa
13,H13_15,1815.06,Habitación con una cama,Habitación con Frigobar
14,H14_1,1614.79,Habitación con una cama,Habitación con Frigobar
14,H14_2,2826.32,Habitación con cama matrimonial,Habitación con Frigobar
14,H14_3,545.27,Habitación con cama matrimonial,Habitación con Jacuzzi
14,H14_4,3707.88,Habitación con cama doble,Habitación con Jacuzzi
14,H14_5,2876.73,Habitación con cama matrimonial,Habitación con Jacuzzi
14,H14_6,3465.23,Habitación con cama matrimonial,Habitación con Jacuzzi
14,H14_7,2226.83,Habitación con cama matrimonial,Habitación con Frigobar
14,H14_8,1920.87,Habitación con una cama,Habitación con Frigobar
14,H14_9,3653.36,Habitación con una cama,Habitación con Frigobar
14,H14_10,980.07,Habitación con cama matrimonial,Habitación con Jacuzzi
14,H14_11,1454.72,Habitación con cama doble,Habitación con Frigobar
14,H14_12,556.91,Habitación con cama matrimonial,Habitación con Frigobar
14,H14_13,1518.7,Habitación con una cama,Habitación con Frigobar
14,H14_14,1342.63,Habitación con una cama,Habitación con Spa
14,H14_15,2857.64,Habitación con cama matrimonial,Habitación con Frigobar
15,H15_1,3103.72,Habitación con una cama,Habitación con Jacuzzi
15,H15_2,2268.93,Habitación con cama doble,Habitación con Jacuzzi
15,H15_3,1068.62,Habitación con cama matrimonial,Habitación con Jacuzzi
15,H15_4,4081.64,Habitación con cama matrimonial,Habitación con Jacuzzi
15,H15_5,1982.72,Habitación con cama doble,Habitación con Jacuzzi
15,H15_6,1123.61,Habitación con cama doble,Habitación con Spa
15,H15_7,580.97,Habitación con cama doble,Habitación con Frigobar
15,H15_8,1163.66,Habitación con una cama,Habitación con Frigobar
15,H15_9,1563.73,Habitación con cama doble,Habitación con Jacuzzi
15,H15_10,3731.96,Habitación con una cama,Habitación con Frigobar
15,H15_11,3723.87,Habitación con cama matrimonial,Habitación con Frigobar
15,H15_12,1831.53,Habitación con cama doble,Habitación con Frigobar
15,H15_13,682.72,Habitación con cama doble,Habitación con Jacuzzi
15,H15_14,4535.09,Habitación con cama doble,Habitación con Frigobar
15,H15_15,3128.73,Habitación con cama matrimonial,Habitación con Jacuzzi
16,H16_1,4293.13,Habitación con una cama,Habitación con Spa
16,H16_2,4798.83,Habitación con cama doble,Habitación con Spa
16,H16_3,674.74,Habitación con cama doble,Habitación con Spa
16,H16_4,3699.23,Habitación con cama doble,Habitación con Frigobar
16,H16_5,619.81,Habitación con una cama,Habitación con Jacuzzi
16,H16_6,1528.11,Habitación con cama doble,Habitación con Jacuzzi
16,H16_7,2894.8,Habitación con una cama,Habitación con Spa
16,H16_8,2613.26,Habitación con cama doble,Habitación con Spa
16,H16_9,3553.77,Habitación con cama matrimonial,Habitación con Spa
16,H16_10,1668.65,Habitación con cama doble,Habitación con Jacuzzi
16,H16_11,846.0,Habitación con una cama,Habitación con Jacuzzi
16,H16_12,4631.84,Habitación con una cama,Habitación con Jacuzzi
16,H16_13,1844.89,Habitación con cama doble,Habitación con Jacuzzi
16,H16_14,3655.04,Habitación con cama matrimonial,Habitación con Spa
16,H16_15,3723.3,Habitación con cama doble,Habitación con Frigobar
17,H17_1,4253.47,Habitación con cama matrimonial,Habitación con Jacuzzi
17,H17_2,2262.35,Habitación con cama matrimonial,Habitación con Jacuzzi
17,H17_3,1527.51,Habitación con cama matrimonial,Habitación con Frigobar
17,H17_4,2392.72,Habitación con una cama,Habitación con Frigobar
17,H17_5,4360.68,Habitación con cama matrimonial,Habitación con Jacuzzi
17,H17_6,2316.62,Habitación con cama doble,Habitación con Jacuzzi
17,H17_7,797.38,Habitación con cama doble,Habitación con Spa
17,H17_8,1114.26,Habitación con cama matrimonial,Habitación con Jacuzzi
17,H17_9,3161.07,Habitación con una cama,Habitación con Frigobar
17,H17_10,3365.92,Habitación con cama doble,Habitación con Jacuzzi
17,H17_11,2242.72,Habitación con cama doble,Habitación con Frigobar
17,H17_12,4010.1,Habitación con cama doble,Habitación con Spa
17,H17_13,1426.56,Habitación con cama matrimonial,Habitación con Spa
17,H17_14,837.89,Habitación con cama doble,Habitación con Spa
17,H17_15,2924.65,Habitación con cama doble,Habitación con Jacuzzi
18,H18_1,1691.66,Habitación con cama doble,Habitación con Frigobar
18,H18_2,1412.08,Habitación con cama matrimonial,Habitación con Spa
18,H18_3,4495.36,Habitación con una cama,Habitación con Jacuzzi
18,H18_4,1575.31,Habitación con cama matrimonial,Habitación con Frigobar
18,H18_5,3200.5,Habitación con una cama,Habitación con Spa
18,H18_6,3687.59,Habitación con una cama,Habitación con Spa
18,H18_7,2619.55,Habitación con una cama,Habitación con Jacuzzi
18,H18_8,1908.73,Habitación con cama matrimonial,Habitación con Spa
18,H18_9,2121.58,Habitación con una cama,Habitación con Spa
18,H18_10,2474.02,Habitación con cama matrimonial,Habitación con Spa
18,H18_11,3232.85,Habitación con cama matrimonial,Habitación con Jacuzzi
18,H18_12,1388.68,Habitación con una cama,Habitación con Spa
18,H18_13,2063.56,Habitación con cama matrimonial,Habitación con Jacuzzi
18,H18_14,2567.77,Habitación con una cama,Habitación con Frigobar
18,H18_15,4194.12,Habitación con cama matrimonial,Habitación con Spa
19,H19_1,1050.66,Habitación con cama matrimonial,Habitación con Spa
19,H19_2,4902.4,Habitación con una cama,Habitación con Spa
19,H19_3,4563.58,Habitación con cama doble,Habitación con Jacuzzi
19,H19_4,4251.52,Habitación con una cama,Habitación con Frigobar
19,H19_5,4034.01,Habitación con cama matrimonial,Habitación con Spa
19,H19_6,1988.63,Habitación con una cama,Habitación con Jacuzzi
19,H19_7,2225.69,Habitación con cama matrimonial,Habitación con Frigobar
19,H19_8,3514.28,Habitación con una cama,Habitación con Spa
19,H19_9,1439.64,Habitación con una cama,Habitación con Frigobar
19,H19_10,2778.49,Habitación con cama doble,Habitación con Jacuzzi
19,H19_11,2048.53,Habitación con cama matrimonial,Habitación con Jacuzzi
19,H19_12,1762.41,Habitación con cama matrimonial,Habitación con Spa
19,H19_13,1254.65,Habitación con cama doble,Habitación con Spa
19,H19_14,4985.21,Habitación con cama doble,Habitación con Jacuzzi
19,H19_15,4043.08,Habitación con una cama,Habitación con Frigobar
20,H20_1,1413.85,Habitación con cama doble,Habitación con Frigobar
20,H20_2,4827.44,Habitación con cama matrimonial,Habitación con Frigobar
20,H20_3,2352.21,Habitación con cama doble,Habitación con Jacuzzi
20,H20_4,4254.01,Habitación con cama matrimonial,Habitación con Jacuzzi
20,H20_5,4962.07,Habitación con una cama,Habitación con Jacuzzi
20,H20_6,3124.43,Habitación con cama matrimonial,Habitación con Spa
20,H20_7,4511.64,Habitación con una cama,Habitación con Frigobar
20,H20_8,2945.8,Habitación con cama matrimonial,Habitación con Frigobar
20,H20_9,2084.41,Habitación con cama doble,Habitación con Frigobar
20,H20_10,1963.83,Habitación con cama matrimonial,Habitación con Frigobar
20,H20_11,2752.5,Habitación con cama doble,Habitación con Jacuzzi
20,H20_12,3950.39,Habitación con una cama,Habitación con Jacuzzi
20,H20_13,3861.94,Habitación con una cama,Habitación con Jacuzzi
20,H20_14,1738.06,Habitación con una cama,Habitación con Frigobar
20,H20_15,3119.99,Habitación con una cama,Habitación con Jacuzzi
21,H21_1,3368.96,Habitación con cama matrimonial,Habitación con Frigobar
21,H21_2,4884.25,Habitación con cama matrimonial,Habitación con Spa
21,H21_3,2563.29,Habitación con cama doble,Habitación con Frigobar
21,H21_4,3756.29,Habitación con cama matrimonial,Habitación con Jacuzzi
21,H21_5,1817.79,Habitación con una cama,Habitación con Jacuzzi
21,H21_6,1141.75,Habitación con una cama,Habitación con Jacuzzi
21,H21_7,4228.78,Habitación con cama matrimonial,Habitación con Spa
21,H21_8,3705.26,Habitación con cama matrimonial,Habitación con Spa
21,H21_9,3845.57,Habitación con cama matrimonial,Habitación con Jacuzzi
21,H21_10,1793.94,Habitación con cama doble,Habitación con Frigobar
21,H21_11,3853.22,Habitación con una cama,Habitación con Jacuzzi
21,H21_12,510.86,Habitación con cama matrimonial,Habitación con Frigobar
21,H21_13,925.04,Habitación con cama doble,Habitación con Spa
21,H21_14,1808.18,Habitación con una cama,Habitación con Spa
21,H21_15,3099.77,Habitación con una cama,Habitación con Frigobar
22,H22_1,2344.25,Habitación con cama doble,Habitación con Jacuzzi
22,H22_2,2715.78,Habitación con cama doble,Habitación con Jacuzzi
22,H22_3,3152.03,Habitación con cama doble,Habitación con Spa
22,H22_4,4625.3,Habitación con una cama,Habitación con Spa
22,H22_5,1892.04,Habitación con cama matrimonial,Habitación con Spa
22,H22_6,2642.4,Habitación con una cama,Habitación con Spa
22,H22_7,4730.21,Habitación con cama doble,Habitación con Jacuzzi
22,H22_8,2652.11,Habitación con una cama,Habitación con Jacuzzi
22,H22_9,4438.01,Habitación con cama matrimonial,Habitación con Spa
22,H22_10,4078.15,Habitación con cama doble,Habitación con Jacuzzi
22,H22_11,2514.92,Habitación con una cama,Habitación con Jacuzzi
22,H22_12,2669.39,Habitación con cama matrimonial,Habitación con Jacuzzi
22,H22_13,3043.73,Habitación con cama matrimonial,Habitación con Frigobar
22,H22_14,1157.84,Habitación con cama doble,Habitación con Spa
22,H22_15,1287.29,Habitación con una cama,Habitación con Spa
23,H23_1,943.31,Habitación con una cama,Habitación con Frigobar
23,H23_2,2782.08,Habitación con una cama,Habitación con Jacuzzi
23,H23_3,4681.77,Habitación con cama doble,Habitación con Jacuzzi
23,H23_4,2219.6,Habitación con cama doble,Habitación con Spa
23,H23_5,1234.86,Habitación con cama doble,Habitación con Spa
23,H23_6,4826.09,Habitación con cama matrimonial,Habitación con Jacuzzi
23,H23_7,1420.09,Habitación con cama doble,Habitación con Jacuzzi
23,H23_8,1992.0,Habitación con una cama,Habitación con Frigobar
23,H23_9,1151.65,Habitación con una cama,Habitación con Jacuzzi
23,H23_10,2182.2,Habitación con cama doble,Habitación con Jacuzzi
23,H23_11,1441.36,Habitación con cama doble,Habitación con Frigobar
23,H23_12,2404.51,Habitación con cama doble,Habitación con Spa
23,H23_13,3099.9,Habitación con cama doble,Habitación con Frigobar
23,H23_14,2379.85,Habitación con cama matrimonial,Habitación con Frigobar
23,H23_15,3977.49,Habitación con una cama,Habitación con Spa
24,H24_1,2096.64,Habitación con una cama,Habitación con Spa
24,H24_2,4381.37,Habitación con cama doble,Habitación con Frigobar
24,H24_3,3606.89,Habitación con una cama,Habitación con Spa
24,H24_4,1402.12,Habitación con una cama,Habitación con Frigobar
24,H24_5,893.65,Habitación con cama matrimonial,Habitación con Frigobar
24,H24_6,3701.5,Habitación con cama matrimonial,Habitación con Spa
24,H24_7,1316.14,Habitación con cama matrimonial,Habitación con Jacuzzi
24,H24_8,4359.45,Habitación con cama doble,Habitación con Spa
24,H24_9,2895.13,Habitación con cama matrimonial,Habitación con Jacuzzi
24,H24_10,4407.34,Habitación con una cama,Habitación con Spa
24,H24_11,3297.35,Habitación con una cama,Habitación con Spa
24,H24_12,3747.03,Habitación con una cama,Habitación con Frigobar
24,H24_13,3142.15,Habitación con cama matrimonial,Habitación con Spa
24,H24_14,2874.04,Habitación con cama matrimonial,Habitación con Spa
24,H24_15,4004.07,Habitación con una cama,Habitación con Jacuzzi
25,H25_1,4466.5,Habitación con cama doble,Habitación con Frigobar
25,H25_2,3999.0,Habitación con cama doble,Habitación con Spa
25,H25_3,1406.77,Habitación con cama doble,Habitación con Spa
25,H25_4,1477.9,Habitación con una cama,Habitación con Frigobar
25,H25_5,3048.59,Habitación con cama matrimonial,Habitación con Frigobar
25,H25_6,2835.61,Habitación con cama matrimonial,Habitación con Frigobar
25,H25_7,2021.64,Habitación con una cama,Habitación con Frigobar
25,H25_8,1657.36,Habitación con cama matrimonial,Habitación con Frigobar
25,H25_9,4157.35,Habitación con una cama,Habitación con Spa
25,H25_10,3750.69,Habitación con cama doble,Habitación con Spa
25,H25_11,509.9,Habitación con cama doble,Habitación con Frigobar
25,H25_12,1260.29,Habitación con cama matrimonial,Habitación con Spa
25,H25_13,4241.05,Habitación con una cama,Habitación con Jacuzzi
25,H25_14,2645.9,Habitación con una cama,Habitación con Frigobar
25,H25_15,2853.67,Habitación con cama doble,Habitación con Jacuzzi
26,H26_1,2335.3,Habitación con cama matrimonial,Habitación con Jacuzzi
26,H26_2,2973.65,Habitación con una cama,Habitación con Frigobar
26,H26_3,3381.37,Habitación con cama matrimonial,Habitación con Frigobar
26,H26_4,4772.24,Habitación con una cama,Habitación con Spa
26,H26_5,3621.46,Habitación con cama matrimonial,Habitación con Frigobar
26,H26_6,1723.29,Habitación con una cama,Habitación con Frigobar
26,H26_7,1599.41,Habitación con una cama,Habitación con Frigobar
26,H26_8,2632.76,Habitación con cama doble,Habitación con Frigobar
26,H26_9,3383.34,Habitación con cama matrimonial,Habitación con Frigobar
26,H26_10,2375.72,Habitación con cama doble,Habitación con Frigobar
26,H26_11,4463.98,Habitación con cama doble,Habitación con Jacuzzi
26,H26_12,3559.02,Habitación con una cama,Habitación con Frigobar
26,H26_13,735.95,Habitación con una cama,Habitación con Frigobar
26,H26_14,1259.43,Habitación con cama matrimonial,Habitación con Spa
26,H26_15,4333.48,Habitación con una cama,Habitación con Frigobar
27,H27_1,2239.7,Habitación con una cama,Habitación con Spa
27,H27_2,4061.53,Habitación con cama doble,Habitación con Spa
27,H27_3,656.15,Habitación con cama matrimonial,Habitación con Jacuzzi
27,H27_4,3081.81,Habitación con una cama,Habitación con Frigobar
27,H27_5,4850.35,Habitación con cama doble,Habitación con Jacuzzi
27,H27_6,3235.38,Habitación con cama matrimonial,Habitación con Spa
27,H27_7,4791.59,Habitación con una cama,Habitación con Jacuzzi
27,H27_8,3423.73,Habitación con cama doble,Habitación con Spa
27,H27_9,4390.97,Habitación con una cama,Habitación con Spa
27,H27_10,4736.72,Habitación con cama doble,Habitación con Frigobar
27,H27_11,1295.18,Habitación con una cama,Habitación con Frigobar
27,H27_12,3940.33,Habitación con cama matrimonial,Habitación con Spa
27,H27_13,2258.46,Habitación con cama doble,Habitación con Frigobar
27,H27_14,1163.64,Habitación con cama doble,Habitación con Jacuzzi
27,H27_15,3741.73,Habitación con una cama,Habitación con Jacuzzi
28,H28_1,1293.38,Habitación con cama doble,Habitación con Jacuzzi
28,H28_2,2845.21,Habitación con cama doble,Habitación con Spa
28,H28_3,2934.26,Habitación con cama doble,Habitación con Jacuzzi
28,H28_4,2149.01,Habitación con cama doble,Habitación con Jacuzzi
28,H28_5,2642.95,Habitación con cama matrimonial,Habitación con Spa
28,H28_6,2984.24,Habitación con cama matrimonial,Habitación con Jacuzzi
28,H28_7,2557.77,Habitación con cama doble,Habitación con Jacuzzi
28,H28_8,1182.07,Habitación con cama matrimonial,Habitación con Spa
28,H28_9,4275.88,Habitación con cama matrimonial,Habitación con Spa
28,H28_10,2144.67,Habitación con cama doble,Habitación con Frigobar
28,H28_11,1852.36,Habitación con cama doble,Habitación con Frigobar
28,H28_12,1923.73,Habitación con una cama,Habitación con Jacuzzi
28,H28_13,578.46,Habitación con una cama,Habitación con Spa
28,H28_14,4354.04,Habitación con una cama,Habitación con Spa
28,H28_15,1559.71,Habitación con una cama,Habitación con Spa
29,H29_1,3211.35,Habitación con cama doble,Habitación con Jacuzzi
29,H29_2,1969.85,Habitación con cama doble,Habitación con Jacuzzi
29,H29_3,3782.53,Habitación con una cama,Habitación con Spa
29,H29_4,4435.62,Habitación con cama matrimonial,Habitación con Frigobar
29,H29_5,3054.66,Habitación con cama matrimonial,Habitación con Jacuzzi
29,H29_6,2193.86,Habitación con cama matrimonial,Habitación con Spa
29,H29_7,548.89,Habitación con cama doble,Habitación con Spa
29,H29_8,1054.2,Habitación con una cama,Habitación con Spa
29,H29_9,1719.65,Habitación con cama matrimonial,Habitación con Frigobar
29,H29_10,762.69,Habitación con cama doble,Habitación con Frigobar
29,H29_11,1723.31,Habitación con cama matrimonial,Habitación con Frigobar
29,H29_12,1860.29,Habitación con cama doble,Habitación con Frigobar
29,H29_13,1740.81,Habitación con cama doble,Habitación con Frigobar
29,H29_14,1244.32,Habitación con cama doble,Habitación con Jacuzzi
29,H29_15,2630.76,Habitación con cama doble,Habitación con Spa
30,H30_1,2389.43,Habitación con cama doble,Habitación con Jacuzzi
30,H30_2,4847.05,Habitación con una cama,Habitación con Jacuzzi
30,H30_3,4422.04,Habitación con cama doble,Habitación con Spa
30,H30_4,4060.73,Habitación con cama doble,Habitación con Spa
30,H30_5,2525.34,Habitación con cama doble,Habitación con Jacuzzi
30,H30_6,3761.02,Habitación con cama doble,Habitación con Jacuzzi
30,H30_7,2274.31,Habitación con cama matrimonial,Habitación con Jacuzzi
30,H30_8,2368.36,Habitación con una cama,Habitación con Frigobar
30,H30_9,1033.05,Habitación con una cama,Habitación con Frigobar
30,H30_10,3516.84,Habitación con cama doble,Habitación con Frigobar
30,H30_11,4798.05,Habitación con una cama,Habitación con Spa
30,H30_12,3300.93,Habitación con cama matrimonial,Habitación con Spa
30,H30_13,4391.97,Habitación con cama matrimonial,Habitación con Spa
30,H30_14,3920.69,Habitación con cama doble,Habitación con Spa
30,H30_15,3788.2,Habitación con cama doble,Habitación con Jacuzzi
31,H31_1,1956.81,Habitación con cama doble,Habitación con Frigobar
31,H31_2,3385.66,Habitación con cama matrimonial,Habitación con Spa
31,H31_3,4976.27,Habitación con cama doble,Habitación con Jacuzzi
31,H31_4,4255.01,Habitación con una cama,Habitación con Frigobar
31,H31_5,550.56,Habitación con una cama,Habitación con Spa
31,H31_6,4652.28,Habitación con cama doble,Habitación con Jacuzzi
31,H31_7,1126.06,Habitación con cama doble,Habitación con Spa
31,H31_8,3637.49,Habitación con cama doble,Habitación con Jacuzzi
31,H31_9,2071.0,Habitación con una cama,Habitación con Frigobar
31,H31_10,4835.09,Habitación con cama doble,Habitación con Spa
31,H31_11,4727.39,Habitación con cama matrimonial,Habitación con Frigobar
31,H31_12,1157.09,Habitación con cama doble,Habitación con Spa
31,H31_13,1708.61,Habitación con cama doble,Habitación con Frigobar
31,H31_14,1845.42,Habitación con una cama,Habitación con Spa
31,H31_15,3384.13,Habitación con cama matrimonial,Habitación con Jacuzzi
32,H32_1,2812.7,Habitación con una cama,Habitación con Spa
32,H32_2,2203.43,Habitación con cama doble,Habitación con Frigobar
32,H32_3,4824.33,Habitación con una cama,Habitación con Spa
32,H32_4,721.03,Habitación con cama matrimonial,Habitación con Frigobar
32,H32_5,3625.09,Habitación con cama matrimonial,Habitación con Jacuzzi
32,H32_6,2970.28,Habitación con una cama,Habitación con Frigobar
32,H32_7,1264.59,Habitación con cama doble,Habitación con Jacuzzi
32,H32_8,889.5,Habitación con una cama,Habitación con Frigobar
32,H32_9,2720.77,Habitación con una cama,Habitación con Frigobar
32,H32_10,2214.95,Habitación con cama matrimonial,Habitación con Spa
32,H32_11,2913.84,Habitación con cama matrimonial,Habitación con Frigobar
32,H32_12,3188.13,Habitación con cama matrimonial,Habitación con Frigobar
32,H32_13,3676.63,Habitación con cama doble,Habitación con Frigobar
32,H32_14,3063.12,Habitación con cama doble,Habitación con Spa
32,H32_15,4619.61,Habitación con una cama,Habitación con Frigobar
33,H33_1,2599.73,Habitación con cama matrimonial,Habitación con Jacuzzi
33,H33_2,911.79,Habitación con una cama,Habitación con Jacuzzi
33,H33_3,4960.89,Habitación con cama doble,Habitación con Spa
33,H33_4,1295.73,Habitación con cama matrimonial,Habitación con Spa
33,H33_5,1896.6,Habitación con una cama,Habitación con Spa
33,H33_6,3597.65,Habitación con una cama,Habitación con Spa
33,H33_7,3000.1,Habitación con cama doble,Habitación con Frigobar
33,H33_8,3554.54,Habitación con cama doble,Habitación con Frigobar
33,H33_9,1424.78,Habitación con una cama,Habitación con Jacuzzi
33,H33_10,3243.82,Habitación con una cama,Habitación con Frigobar
33,H33_11,1127.87,Habitación con cama doble,Habitación con Jacuzzi
33,H33_12,1794.19,Habitación con cama doble,Habitación con Spa
33,H33_13,4352.45,Habitación con cama doble,Habitación con Frigobar
33,H33_14,2501.14,Habitación con cama matrimonial,Habitación con Spa
33,H33_15,630.07,Habitación con cama matrimonial,Habitación con Frigobar
34,H34_1,790.66,Habitación con una cama,Habitación con Jacuzzi
34,H34_2,4435.16,Habitación con una cama,Habitación con Jacuzzi
34,H34_3,4793.5,Habitación con cama matrimonial,Habitación con Frigobar
34,H34_4,4227.8,Habitación con cama matrimonial,Habitación con Jacuzzi
34,H34_5,3847.88,Habitación con cama doble,Habitación con Jacuzzi
34,H34_6,860.32,Habitación con cama doble,Habitación con Jacuzzi
34,H34_7,1595.43,Habitación con cama matrimonial,Habitación con Spa
34,H34_8,4196.71,Habitación con cama matrimonial,Habitación con Frigobar
34,H34_9,4415.46,Habitación con cama doble,Habitación con Spa
34,H34_10,3328.12,Habitación con una cama,Habitación con Spa
34,H34_11,1943.02,Habitación con cama matrimonial,Habitación con Frigobar
34,H34_12,3880.76,Habitación con una cama,Habitación con Jacuzzi
34,H34_13,1134.24,Habitación con cama matrimonial,Habitación con Spa
34,H34_14,3479.64,Habitación con cama matrimonial,Habitación con Frigobar
34,H34_15,1142.67,Habitación con cama doble,Habitación con Jacuzzi
35,H35_1,2368.04,Habitación con una cama,Habitación con Spa
35,H35_2,3424.73,Habitación con cama doble,Habitación con Frigobar
35,H35_3,1134.58,Habitación con cama doble,Habitación con Frigobar
35,H35_4,4672.6,Habitación con cama matrimonial,Habitación con Spa
35,H35_5,4092.41,Habitación con cama doble,Habitación con Spa
35,H35_6,828.15,Habitación con cama doble,Habitación con Jacuzzi
35,H35_7,1084.01,Habitación con cama doble,Habitación con Spa
35,H35_8,1269.64,Habitación con cama matrimonial,Habitación con Jacuzzi
35,H35_9,1269.19,Habitación con una cama,Habitación con Jacuzzi
35,H35_10,3153.32,Habitación con una cama,Habitación con Spa
35,H35_11,4354.36,Habitación con una cama,Habitación con Spa
35,H35_12,4934.53,Habitación con una cama,Habitación con Frigobar
35,H35_13,2691.8,Habitación con cama matrimonial,Habitación con Jacuzzi
35,H35_14,4586.48,Habitación con una cama,Habitación con Jacuzzi
35,H35_15,1195.69,Habitación con una cama,Habitación con Jacuzzi
36,H36_1,1720.49,Habitación con una cama,Habitación con Spa
36,H36_2,2650.4,Habitación con cama doble,Habitación con Jacuzzi
36,H36_3,4672.78,Habitación con cama matrimonial,Habitación con Frigobar
36,H36_4,2597.02,Habitación con cama matrimonial,Habitación con Spa
36,H36_5,2366.19,Habitación con cama doble,Habitación con Jacuzzi
36,H36_6,4738.2,Habitación con una cama,Habitación con Jacuzzi
36,H36_7,3090.02,Habitación con una cama,Habitación con Spa
36,H36_8,3341.57,Habitación con cama doble,Habitación con Frigobar
36,H36_9,4957.8,Habitación con cama matrimonial,Habitación con Jacuzzi
36,H36_10,762.34,Habitación con cama doble,Habitación con Jacuzzi
36,H36_11,3472.75,Habitación con una cama,Habitación con Frigobar
36,H36_12,2899.31,Habitación con una cama,Habitación con Spa
36,H36_13,2849.66,Habitación con una cama,Habitación con Spa
36,H36_14,535.3,Habitación con una cama,Habitación con Frigobar
36,H36_15,974.8,Habitación con cama matrimonial,Habitación con Jacuzzi
37,H37_1,2602.26,Habitación con cama matrimonial,Habitación con Frigobar
37,H37_2,945.64,Habitación con una cama,Habitación con Jacuzzi
37,H37_3,2510.23,Habitación con una cama,Habitación con Jacuzzi
37,H37_4,3911.47,Habitación con una cama,Habitación con Frigobar
37,H37_5,4053.5,Habitación con cama matrimonial,Habitación con Frigobar
37,H37_6,1627.92,Habitación con cama doble,Habitación con Frigobar
37,H37_7,2018.49,Habitación con cama matrimonial,Habitación con Jacuzzi
37,H37_8,1423.91,Habitación con cama doble,Habitación con Jacuzzi
37,H37_9,2678.65,Habitación con una cama,Habitación con Frigobar
37,H37_10,806.94,Habitación con cama doble,Habitación con Frigobar
37,H37_11,668.82,Habitación con una cama,Habitación con Spa
37,H37_12,4090.64,Habitación con cama doble,Habitación con Spa
37,H37_13,4739.21,Habitación con cama doble,Habitación con Spa
37,H37_14,3548.59,Habitación con una cama,Habitación con Frigobar
37,H37_15,4941.8,Habitación con cama doble,Habitación con Frigobar
38,H38_1,2442.77,Habitación con una cama,Habitación con Frigobar
38,H38_2,2750.5,Habitación con cama matrimonial,Habitación con Jacuzzi
38,H38_3,3338.13,Habitación con una cama,Habitación con Frigobar
38,H38_4,564.77,Habitación con una cama,Habitación con Spa
38,H38_5,2659.99,Habitación con cama matrimonial,Habitación con Frigobar
38,H38_6,1960.95,Habitación con cama matrimonial,Habitación con Spa
38,H38_7,1330.91,Habitación con cama matrimonial,Habitación con Jacuzzi
38,H38_8,4283.59,Habitación con cama matrimonial,Habitación con Jacuzzi
38,H38_9,1562.1,Habitación con una cama,Habitación con Jacuzzi
38,H38_10,4605.74,Habitación con cama matrimonial,Habitación con Spa
38,H38_11,4886.57,Habitación con cama doble,Habitación con Spa
38,H38_12,4979.47,Habitación con cama matrimonial,Habitación con Spa
38,H38_13,756.64,Habitación con cama doble,Habitación con Jacuzzi
38,H38_14,2761.25,Habitación con cama doble,Habitación con Frigobar
38,H38_15,3925.67,Habitación con cama matrimonial,Habitación con Jacuzzi
39,H39_1,1254.11,Habitación con una cama,Habitación con Frigobar
39,H39_2,632.97,Habitación con cama matrimonial,Habitación con Jacuzzi
39,H39_3,4107.73,Habitación con una cama,Habitación con Spa
39,H39_4,986.68,Habitación con una cama,Habitación con Jacuzzi
39,H39_5,2348.32,Habitación con cama matrimonial,Habitación con Spa
39,H39_6,1702.65,Habitación con una cama,Habitación con Frigobar
39,H39_7,1747.44,Habitación con una cama,Habitación con Jacuzzi
39,H39_8,823.38,Habitación con cama doble,Habitación con Frigobar
39,H39_9,519.06,Habitación con cama matrimonial,Habitación con Spa
39,H39_10,2636.23,Habitación con cama matrimonial,Habitación con Spa
39,H39_11,2495.09,Habitación con cama doble,Habitación con Frigobar
39,H39_12,754.69,Habitación con cama doble,Habitación con Frigobar
39,H39_13,2052.85,Habitación con cama matrimonial,Habitación con Spa
39,H39_14,2550.54,Habitación con una cama,Habitación con Spa
39,H39_15,3259.98,Habitación con cama matrimonial,Habitación con Jacuzzi
40,H40_1,2291.05,Habitación con cama doble,Habitación con Frigobar
40,H40_2,1637.73,Habitación con cama matrimonial,Habitación con Spa
40,H40_3,785.44,Habitación con cama doble,Habitación con Frigobar
40,H40_4,2926.22,Habitación con cama matrimonial,Habitación con Jacuzzi
40,H40_5,1730.01,Habitación con cama doble,Habitación con Spa
40,H40_6,745.41,Habitación con cama doble,Habitación con Jacuzzi
40,H40_7,620.34,Habitación con cama matrimonial,Habitación con Spa
40,H40_8,4988.1,Habitación con cama matrimonial,Habitación con Spa
40,H40_9,3382.0,Habitación con una cama,Habitación con Frigobar
40,H40_10,623.95,Habitación con cama matrimonial,Habitación con Frigobar
40,H40_11,864.11,Habitación con una cama,Habitación con Frigobar
40,H40_12,1448.3,Habitación con una cama,Habitación con Frigobar
40,H40_13,4711.26,Habitación con una cama,Habitación con Jacuzzi
40,H40_14,2863.59,Habitación con cama matrimonial,Habitación con Spa
40,H40_15,3817.83,Habitación con cama doble,Habitación con Frigobar
41,H41_1,2393.14,Habitación con cama doble,Habitación con Frigobar
41,H41_2,3951.95,Habitación con cama doble,Habitación con Jacuzzi
41,H41_3,1703.02,Habitación con cama doble,Habitación con Jacuzzi
41,H41_4,3636.5,Habitación con una cama,Habitación con Jacuzzi
41,H41_5,3253.09,Habitación con cama matrimonial,Habitación con Spa
41,H41_6,847.52,Habitación con una cama,Habitación con Jacuzzi
41,H41_7,1401.04,Habitación con cama doble,Habitación con Spa
41,H41_8,4960.25,Habitación con una cama,Habitación con Frigobar
41,H41_9,2798.89,Habitación con una cama,Habitación con Frigobar
41,H41_10,3636.26,Habitación con cama matrimonial,Habitación con Spa
41,H41_11,1772.06,Habitación con una cama,Habitación con Frigobar
41,H41_12,2336.23,Habitación con una cama,Habitación con Jacuzzi
41,H41_13,1286.21,Habitación con una cama,Habitación con Frigobar
41,H41_14,4216.51,Habitación con cama matrimonial,Habitación con Frigobar
41,H41_15,3881.41,Habitación con cama doble,Habitación con Jacuzzi
42,H42_1,3186.03,Habitación con cama doble,Habitación con Frigobar
42,H42_2,1120.45,Habitación con cama matrimonial,Habitación con Jacuzzi
42,H42_3,1099.02,Habitación con una cama,Habitación con Jacuzzi
42,H42_4,3530.19,Habitación con cama matrimonial,Habitación con Frigobar
42,H42_5,2812.36,Habitación con cama matrimonial,Habitación con Spa
42,H42_6,4580.08,Habitación con cama matrimonial,Habitación con Spa
42,H42_7,1872.22,Habitación con cama matrimonial,Habitación con Jacuzzi
42,H42_8,2199.86,Habitación con cama matrimonial,Habitación con Spa
42,H42_9,541.92,Habitación con cama matrimonial,Habitación con Frigobar
42,H42_10,2279.62,Habitación con cama matrimonial,Habitación con Frigobar
42,H42_11,2091.35,Habitación con cama matrimonial,Habitación con Frigobar
42,H42_12,3913.1,Habitación con una cama,Habitación con Jacuzzi
42,H42_13,4456.48,Habitación con cama matrimonial,Habitación con Jacuzzi
42,H42_14,1244.84,Habitación con cama matrimonial,Habitación con Frigobar
42,H42_15,2585.92,Habitación con cama doble,Habitación con Jacuzzi
43,H43_1,3438.58,Habitación con cama matrimonial,Habitación con Spa
43,H43_2,1915.13,Habitación con cama doble,Habitación con Jacuzzi
43,H43_3,2214.2,Habitación con una cama,Habitación con Spa
43,H43_4,3307.67,Habitación con una cama,Habitación con Jacuzzi
43,H43_5,3350.48,Habitación con cama doble,Habitación con Spa
43,H43_6,4902.91,Habitación con cama matrimonial,Habitación con Jacuzzi
43,H43_7,4282.3,Habitación con cama matrimonial,Habitación con Spa
43,H43_8,1252.76,Habitación con cama doble,Habitación con Frigobar
43,H43_9,4805.67,Habitación con cama matrimonial,Habitación con Jacuzzi
43,H43_10,3519.07,Habitación con cama matrimonial,Habitación con Frigobar
43,H43_11,721.05,Habitación con cama doble,Habitación con Jacuzzi
43,H43_12,3499.04,Habitación con cama matrimonial,Habitación con Frigobar
43,H43_13,838.38,Habitación con cama matrimonial,Habitación con Jacuzzi
43,H43_14,1708.54,Habitación con cama doble,Habitación con Spa
43,H43_15,1068.13,Habitación con una cama,Habitación con Spa
44,H44_1,3171.68,Habitación con cama matrimonial,Habitación con Spa
44,H44_2,1644.39,Habitación con una cama,Habitación con Frigobar
44,H44_3,971.65,Habitación con cama doble,Habitación con Spa
44,H44_4,4243.74,Habitación con cama doble,Habitación con Frigobar
44,H44_5,4511.0,Habitación con una cama,Habitación con Spa
44,H44_6,4223.51,Habitación con una cama,Habitación con Frigobar
44,H44_7,4096.08,Habitación con cama doble,Habitación con Jacuzzi
44,H44_8,3898.05,Habitación con cama doble,Habitación con Jacuzzi
44,H44_9,743.94,Habitación con cama matrimonial,Habitación con Frigobar
44,H44_10,3799.24,Habitación con cama doble,Habitación con Frigobar
44,H44_11,2980.33,Habitación con una cama,Habitación con Jacuzzi
44,H44_12,1469.09,Habitación con cama matrimonial,Habitación con Jacuzzi
44,H44_13,1748.89,Habitación con una cama,Habitación con Frigobar
44,H44_14,724.09,Habitación con cama doble,Habitación con Spa
44,H44_15,4702.9,Habitación con cama doble,Habitación con Frigobar
45,H45_1,1522.2,Habitación con cama matrimonial,Habitación con Spa
45,H45_2,3538.81,Habitación con cama doble,Habitación con Jacuzzi
45,H45_3,2756.74,Habitación con una cama,Habitación con Frigobar
45,H45_4,2146.51,Habitación con cama matrimonial,Habitación con Jacuzzi
45,H45_5,526.84,Habitación con cama matrimonial,Habitación con Spa
45,H45_6,3980.37,Habitación con cama matrimonial,Habitación con Spa
45,H45_7,1530.35,Habitación con una cama,Habitación con Spa
45,H45_8,992.23,Habitación con una cama,Habitación con Spa
45,H45_9,2799.09,Habitación con una cama,Habitación con Spa
45,H45_10,755.96,Habitación con cama doble,Habitación con Jacuzzi
45,H45_11,1583.29,Habitación con cama doble,Habitación con Frigobar
45,H45_12,3719.85,Habitación con cama doble,Habitación con Jacuzzi
45,H45_13,3602.38,Habitación con una cama,Habitación con Frigobar
45,H45_14,3702.38,Habitación con cama doble,Habitación con Jacuzzi
45,H45_15,2590.89,Habitación con una cama,Habitación con Frigobar
46,H46_1,3384.23,Habitación con cama doble,Habitación con Frigobar
46,H46_2,4409.69,Habitación con cama doble,Habitación con Spa
46,H46_3,2873.78,Habitación con una cama,Habitación con Jacuzzi
46,H46_4,4823.11,Habitación con una cama,Habitación con Spa
46,H46_5,3599.37,Habitación con una cama,Habitación con Jacuzzi
46,H46_6,1017.33,Habitación con cama matrimonial,Habitación con Jacuzzi
46,H46_7,1502.63,Habitación con una cama,Habitación con Spa
46,H46_8,1150.69,Habitación con cama doble,Habitación con Spa
46,H46_9,3954.13,Habitación con cama doble,Habitación con Frigobar
46,H46_10,3488.03,Habitación con cama doble,Habitación con Jacuzzi
46,H46_11,4823.33,Habitación con cama matrimonial,Habitación con Jacuzzi
46,H46_12,4066.15,Habitación con cama doble,Habitación con Frigobar
46,H46_13,3717.14,Habitación con cama doble,Habitación con Frigobar
46,H46_14,4045.58,Habitación con una cama,Habitación con Spa
46,H46_15,3241.07,Habitación con cama matrimonial,Habitación con Frigobar
47,H47_1,3924.19,Habitación con una cama,Habitación con Spa
47,H47_2,1577.53,Habitación con cama doble,Habitación con Frigobar
47,H47_3,4183.16,Habitación con cama doble,Habitación con Spa
47,H47_4,4298.18,Habitación con una cama,Habitación con Spa
47,H47_5,963.34,Habitación con una cama,Habitación con Jacuzzi
47,H47_6,2382.01,Habitación con una cama,Habitación con Frigobar
47,H47_7,2921.97,Habitación con cama doble,Habitación con Spa
47,H47_8,2469.23,Habitación con cama doble,Habitación con Frigobar
47,H47_9,2724.23,Habitación con una cama,Habitación con Frigobar
47,H47_10,4890.54,Habitación con cama doble,Habitación con Spa
47,H47_11,3504.33,Habitación con una cama,Habitación con Jacuzzi
47,H47_12,1824.22,Habitación con cama matrimonial,Habitación con Spa
47,H47_13,4925.71,Habitación con cama matrimonial,Habitación con Spa
47,H47_14,967.8,Habitación con una cama,Habitación con Frigobar
47,H47_15,2850.21,Habitación con cama doble,Habitación con Spa
48,H48_1,4920.26,Habitación con una cama,Habitación con Frigobar
48,H48_2,1036.28,Habitación con cama matrimonial,Habitación con Spa
48,H48_3,1765.87,Habitación con una cama,Habitación con Jacuzzi
48,H48_4,533.89,Habitación con cama doble,Habitación con Frigobar
48,H48_5,1500.44,Habitación con una cama,Habitación con Spa
48,H48_6,3004.08,Habitación con cama doble,Habitación con Spa
48,H48_7,4096.99,Habitación con una cama,Habitación con Spa
48,H48_8,2130.82,Habitación con cama matrimonial,Habitación con Spa
48,H48_9,1290.68,Habitación con una cama,Habitación con Frigobar
48,H48_10,3240.62,Habitación con una cama,Habitación con Jacuzzi
48,H48_11,2421.45,Habitación con cama doble,Habitación con Spa
48,H48_12,4365.16,Habitación con cama matrimonial,Habitación con Jacuzzi
48,H48_13,2767.6,Habitación con una cama,Habitación con Jacuzzi
48,H48_14,3587.52,Habitación con cama matrimonial,Habitación con Jacuzzi
48,H48_15,1214.98,Habitación con cama doble,Habitación con Jacuzzi
49,H49_1,1564.65,Habitación con una cama,Habitación con Spa
49,H49_2,2621.93,Habitación con una cama,Habitación con Frigobar
49,H49_3,2583.84,Habitación con cama matrimonial,Habitación con Frigobar
49,H49_4,2911.14,Habitación con cama matrimonial,Habitación con Jacuzzi
49,H49_5,3882.97,Habitación con una cama,Habitación con Jacuzzi
49,H49_6,2016.35,Habitación con cama matrimonial,Habitación con Jacuzzi
49,H49_7,2350.23,Habitación con cama matrimonial,Habitación con Spa
49,H49_8,2277.47,Habitación con cama matrimonial,Habitación con Frigobar
49,H49_9,1809.04,Habitación con una cama,Habitación con Frigobar
49,H49_10,620.89,Habitación con cama matrimonial,Habitación con Spa
49,H49_11,3902.48,Habitación con cama matrimonial,Habitación con Frigobar
49,H49_12,3510.61,Habitación con una cama,Habitación con Jacuzzi
49,H49_13,1886.27,Habitación con cama matrimonial,Habitación con Jacuzzi
49,H49_14,1110.64,Habitación con cama doble,Habitación con Spa
49,H49_15,1606.35,Habitación con cama doble,Habitación con Frigobar
50,H50_1,4064.14,Habitación con cama doble,Habitación con Frigobar
50,H50_2,3958.57,Habitación con cama matrimonial,Habitación con Jacuzzi
50,H50_3,2805.11,Habitación con una cama,Habitación con Jacuzzi
50,H50_4,4970.72,Habitación con cama doble,Habitación con Jacuzzi
50,H50_5,1895.77,Habitación con cama doble,Habitación con Spa
50,H50_6,2169.86,Habitación con cama doble,Habitación con Jacuzzi
50,H50_7,4287.77,Habitación con cama doble,Habitación con Jacuzzi
50,H50_8,1019.56,Habitación con cama doble,Habitación con Jacuzzi
50,H50_9,3715.85,Habitación con cama doble,Habitación con Frigobar
50,H50_10,4790.53,Habitación con cama doble,Habitación con Spa
50,H50_11,4394.56,Habitación con cama doble,Habitación con Jacuzzi
50,H50_12,3740.71,Habitación con cama matrimonial,Habitación con Jacuzzi
50,H50_13,1433.11,Habitación con cama doble,Habitación con Frigobar
50,H50_14,3425.29,Habitación con cama matrimonial,Habitación con Spa
50,H50_15,2320.43,Habitación con una cama,Habitación con Spa
51,H51_1,1192.08,Habitación con una cama,Habitación con Frigobar
51,H51_2,3994.83,Habitación con una cama,Habitación con Spa
51,H51_3,3467.92,Habitación con cama doble,Habitación con Frigobar
51,H51_4,704.44,Habitación con cama doble,Habitación con Spa
51,H51_5,4829.94,Habitación con una cama,Habitación con Jacuzzi
51,H51_6,1130.89,Habitación con cama doble,Habitación con Spa
51,H51_7,3763.77,Habitación con cama matrimonial,Habitación con Jacuzzi
51,H51_8,3899.32,Habitación con una cama,Habitación con Frigobar
51,H51_9,3854.54,Habitación con una cama,Habitación con Frigobar
51,H51_10,4578.58,Habitación con cama doble,Habitación con Jacuzzi
51,H51_11,3760.86,Habitación con cama doble,Habitación con Spa
51,H51_12,3769.17,Habitación con una cama,Habitación con Jacuzzi
51,H51_13,1206.08,Habitación con cama doble,Habitación con Jacuzzi
51,H51_14,1034.19,Habitación con una cama,Habitación con Spa
51,H51_15,4596.31,Habitación con cama doble,Habitación con Spa
52,H52_1,661.18,Habitación con cama doble,Habitación con Frigobar
52,H52_2,2737.97,Habitación con cama doble,Habitación con Spa
52,H52_3,2830.66,Habitación con cama matrimonial,Habitación con Spa
52,H52_4,2443.06,Habitación con una cama,Habitación con Spa
52,H52_5,1321.51,Habitación con una cama,Habitación con Frigobar
52,H52_6,4484.46,Habitación con una cama,Habitación con Jacuzzi
52,H52_7,1319.47,Habitación con cama doble,Habitación con Jacuzzi
52,H52_8,538.96,Habitación con cama matrimonial,Habitación con Frigobar
52,H52_9,2927.45,Habitación con cama doble,Habitación con Jacuzzi
52,H52_10,4892.49,Habitación con cama doble,Habitación con Frigobar
52,H52_11,4873.75,Habitación con cama doble,Habitación con Spa
52,H52_12,2689.69,Habitación con una cama,Habitación con Frigobar
52,H52_13,1660.25,Habitación con una cama,Habitación con Frigobar
52,H52_14,3867.9,Habitación con cama doble,Habitación con Jacuzzi
52,H52_15,3390.68,Habitación con una cama,Habitación con Jacuzzi
53,H53_1,1662.26,Habitación con cama matrimonial,Habitación con Jacuzzi
53,H53_2,2628.02,Habitación con cama matrimonial,Habitación con Spa
53,H53_3,3825.01,Habitación con cama matrimonial,Habitación con Spa
53,H53_4,4046.91,Habitación con cama doble,Habitación con Jacuzzi
53,H53_5,2574.32,Habitación con una cama,Habitación con Spa
53,H53_6,3108.3,Habitación con una cama,Habitación con Jacuzzi
53,H53_7,830.38,Habitación con cama doble,Habitación con Frigobar
53,H53_8,3169.31,Habitación con una cama,Habitación con Spa
53,H53_9,1358.64,Habitación con cama doble,Habitación con Frigobar
53,H53_10,2656.8,Habitación con una cama,Habitación con Frigobar
53,H53_11,575.46,Habitación con cama doble,Habitación con Frigobar
53,H53_12,3536.56,Habitación con cama doble,Habitación con Jacuzzi
53,H53_13,4489.48,Habitación con una cama,Habitación con Jacuzzi
53,H53_14,1449.05,Habitación con una cama,Habitación con Frigobar
53,H53_15,4391.03,Habitación con cama doble,Habitación con Frigobar
54,H54_1,3092.61,Habitación con cama doble,Habitación con Jacuzzi
54,H54_2,2574.99,Habitación con cama matrimonial,Habitación con Jacuzzi
54,H54_3,1698.06,Habitación con una cama,Habitación con Jacuzzi
54,H54_4,3130.22,Habitación con una cama,Habitación con Spa
54,H54_5,2658.77,Habitación con una cama,Habitación con Jacuzzi
54,H54_6,1764.69,Habitación con una cama,Habitación con Frigobar
54,H54_7,2722.03,Habitación con cama doble,Habitación con Spa
54,H54_8,1082.55,Habitación con cama doble,Habitación con Frigobar
54,H54_9,3456.96,Habitación con una cama,Habitación con Frigobar
54,H54_10,3673.14,Habitación con una cama,Habitación con Spa
54,H54_11,4303.67,Habitación con una cama,Habitación con Frigobar
54,H54_12,4186.97,Habitación con cama doble,Habitación con Jacuzzi
54,H54_13,2737.4,Habitación con cama doble,Habitación con Spa
54,H54_14,1585.84,Habitación con una cama,Habitación con Spa
54,H54_15,2812.67,Habitación con cama doble,Habitación con Spa
55,H55_1,1314.24,Habitación con una cama,Habitación con Jacuzzi
55,H55_2,1021.33,Habitación con cama matrimonial,Habitación con Frigobar
55,H55_3,1348.79,Habitación con cama doble,Habitación con Spa
55,H55_4,4106.84,Habitación con cama matrimonial,Habitación con Frigobar
55,H55_5,3709.19,Habitación con cama matrimonial,Habitación con Jacuzzi
55,H55_6,2399.54,Habitación con cama doble,Habitación con Frigobar
55,H55_7,1485.23,Habitación con una cama,Habitación con Frigobar
55,H55_8,3319.58,Habitación con cama matrimonial,Habitación con Spa
55,H55_9,1790.69,Habitación con una cama,Habitación con Spa
55,H55_10,3571.58,Habitación con cama doble,Habitación con Jacuzzi
55,H55_11,2044.31,Habitación con cama matrimonial,Habitación con Frigobar
55,H55_12,2626.69,Habitación con cama doble,Habitación con Jacuzzi
55,H55_13,4591.32,Habitación con cama matrimonial,Habitación con Jacuzzi
55,H55_14,3021.64,Habitación con cama doble,Habitación con Frigobar
55,H55_15,2146.09,Habitación con una cama,Habitación con Frigobar
56,H56_1,4933.62,Habitación con cama doble,Habitación con Frigobar
56,H56_2,3592.72,Habitación con cama doble,Habitación con Spa
56,H56_3,4493.84,Habitación con cama matrimonial,Habitación con Spa
56,H56_4,4344.82,Habitación con una cama,Habitación con Spa
56,H56_5,1795.49,Habitación con una cama,Habitación con Jacuzzi
56,H56_6,735.16,Habitación con cama doble,Habitación con Frigobar
56,H56_7,1562.52,Habitación con una cama,Habitación con Frigobar
56,H56_8,824.98,Habitación con una cama,Habitación con Spa
56,H56_9,2914.91,Habitación con una cama,Habitación con Spa
56,H56_10,1668.23,Habitación con cama doble,Habitación con Jacuzzi
56,H56_11,817.99,Habitación con cama matrimonial,Habitación con Frigobar
56,H56_12,2575.0,Habitación con cama matrimonial,Habitación con Jacuzzi
56,H56_13,3908.15,Habitación con una cama,Habitación con Jacuzzi
56,H56_14,3811.18,Habitación con cama doble,Habitación con Frigobar
56,H56_15,2715.52,Habitación con cama matrimonial,Habitación con Spa
57,H57_1,3352.37,Habitación con una cama,Habitación con Jacuzzi
57,H57_2,4470.1,Habitación con una cama,Habitación con Frigobar
57,H57_3,737.48,Habitación con cama doble,Habitación con Jacuzzi
57,H57_4,1389.91,Habitación con cama matrimonial,Habitación con Frigobar
57,H57_5,1762.01,Habitación con cama doble,Habitación con Frigobar
57,H57_6,2069.62,Habitación con cama matrimonial,Habitación con Frigobar
57,H57_7,1735.28,Habitación con cama matrimonial,Habitación con Jacuzzi
57,H57_8,4492.7,Habitación con cama matrimonial,Habitación con Frigobar
57,H57_9,2604.41,Habitación con cama matrimonial,Habitación con Spa
57,H57_10,4225.19,Habitación con una cama,Habitación con Spa
57,H57_11,2658.89,Habitación con cama matrimonial,Habitación con Jacuzzi
57,H57_12,3952.66,Habitación con cama matrimonial,Habitación con Spa
57,H57_13,2198.1,Habitación con una cama,Habitación con Spa
57,H57_14,4390.68,Habitación con una cama,Habitación con Spa
57,H57_15,2317.84,Habitación con una cama,Habitación con Spa
58,H58_1,3222.77,Habitación con una cama,Habitación con Frigobar
58,H58_2,1652.41,Habitación con una cama,Habitación con Jacuzzi
58,H58_3,4409.92,Habitación con cama doble,Habitación con Frigobar
58,H58_4,1217.32,Habitación con una cama,Habitación con Frigobar
58,H58_5,2804.01,Habitación con cama doble,Habitación con Spa
58,H58_6,846.81,Habitación con cama matrimonial,Habitación con Frigobar
58,H58_7,2559.39,Habitación con cama matrimonial,Habitación con Jacuzzi
58,H58_8,4644.41,Habitación con una cama,Habitación con Jacuzzi
58,H58_9,3353.63,Habitación con una cama,Habitación con Spa
58,H58_10,1248.3,Habitación con cama doble,Habitación con Jacuzzi
58,H58_11,4734.49,Habitación con una cama,Habitación con Frigobar
58,H58_12,1322.37,Habitación con cama doble,Habitación con Jacuzzi
58,H58_13,3114.0,Habitación con cama doble,Habitación con Jacuzzi
58,H58_14,2780.81,Habitación con cama matrimonial,Habitación con Spa
58,H58_15,2273.84,Habitación con cama matrimonial,Habitación con Frigobar
59,H59_1,2855.69,Habitación con una cama,Habitación con Spa
59,H59_2,2672.77,Habitación con cama doble,Habitación con Jacuzzi
59,H59_3,4232.41,Habitación con cama matrimonial,Habitación con Spa
59,H59_4,3427.78,Habitación con cama matrimonial,Habitación con Frigobar
59,H59_5,1757.62,Habitación con cama doble,Habitación con Spa
59,H59_6,4459.64,Habitación con una cama,Habitación con Jacuzzi
59,H59_7,1131.92,Habitación con cama matrimonial,Habitación con Spa
59,H59_8,3867.78,Habitación con cama doble,Habitación con Spa
59,H59_9,1809.45,Habitación con cama doble,Habitación con Spa
59,H59_10,3347.16,Habitación con cama doble,Habitación con Jacuzzi
59,H59_11,3484.09,Habitación con una cama,Habitación con Spa
59,H59_12,4978.28,Habitación con cama doble,Habitación con Spa
59,H59_13,4016.25,Habitación con cama matrimonial,Habitación con Frigobar
59,H59_14,4700.15,Habitación con cama doble,Habitación con Spa
59,H59_15,3683.34,Habitación con cama doble,Habitación con Spa
60,H60_1,4696.02,Habitación con una cama,Habitación con Spa
60,H60_2,2059.65,Habitación con cama doble,Habitación con Frigobar
60,H60_3,4595.72,Habitación con cama matrimonial,Habitación con Spa
60,H60_4,2833.39,Habitación con cama doble,Habitación con Frigobar
60,H60_5,2330.08,Habitación con cama doble,Habitación con Jacuzzi
60,H60_6,4232.62,Habitación con cama doble,Habitación con Frigobar
60,H60_7,2985.62,Habitación con cama doble,Habitación con Spa
60,H60_8,2123.78,Habitación con cama doble,Habitación con Jacuzzi
60,H60_9,961.22,Habitación con una cama,Habitación con Jacuzzi
60,H60_10,4501.66,Habitación con cama matrimonial,Habitación con Jacuzzi
60,H60_11,3868.65,Habitación con cama matrimonial,Habitación con Spa
60,H60_12,2012.9,Habitación con cama doble,Habitación con Frigobar
60,H60_13,3386.93,Habitación con una cama,Habitación con Spa
60,H60_14,4066.54,Habitación con cama matrimonial,Habitación con Jacuzzi
60,H60_15,3151.38,Habitación con una cama,Habitación con Spa
61,H61_1,2917.83,Habitación con una cama,Habitación con Frigobar
61,H61_2,3175.43,Habitación con una cama,Habitación con Jacuzzi
61,H61_3,4828.0,Habitación con cama doble,Habitación con Spa
61,H61_4,2534.42,Habitación con cama doble,Habitación con Jacuzzi
61,H61_5,833.4,Habitación con una cama,Habitación con Frigobar
61,H61_6,3548.78,Habitación con una cama,Habitación con Jacuzzi
61,H61_7,2288.81,Habitación con cama doble,Habitación con Spa
61,H61_8,851.15,Habitación con cama doble,Habitación con Spa
61,H61_9,4816.02,Habitación con una cama,Habitación con Jacuzzi
61,H61_10,1028.18,Habitación con cama matrimonial,Habitación con Jacuzzi
61,H61_11,3096.09,Habitación con cama matrimonial,Habitación con Frigobar
61,H61_12,2470.12,Habitación con cama matrimonial,Habitación con Frigobar
61,H61_13,4152.79,Habitación con cama matrimonial,Habitación con Jacuzzi
61,H61_14,1991.15,Habitación con cama doble,Habitación con Jacuzzi
61,H61_15,4119.35,Habitación con cama matrimonial,Habitación con Frigobar
62,H62_1,2443.77,Habitación con cama matrimonial,Habitación con Jacuzzi
62,H62_2,1906.43,Habitación con una cama,Habitación con Jacuzzi
62,H62_3,561.2,Habitación con cama matrimonial,Habitación con Spa
62,H62_4,4123.44,Habitación con cama doble,Habitación con Frigobar
62,H62_5,3615.43,Habitación con cama matrimonial,Habitación con Frigobar
62,H62_6,4888.7,Habitación con cama doble,Habitación con Jacuzzi
62,H62_7,4230.16,Habitación con una cama,Habitación con Frigobar
62,H62_8,1880.21,Habitación con cama matrimonial,Habitación con Jacuzzi
62,H62_9,4673.59,Habitación con cama doble,Habitación con Jacuzzi
62,H62_10,1606.93,Habitación con cama matrimonial,Habitación con Frigobar
62,H62_11,751.28,Habitación con una cama,Habitación con Jacuzzi
62,H62_12,2545.0,Habitación con cama doble,Habitación con Spa
62,H62_13,4853.3,Habitación con cama doble,Habitación con Frigobar
62,H62_14,3904.12,Habitación con una cama,Habitación con Jacuzzi
62,H62_15,831.51,Habitación con cama matrimonial,Habitación con Frigobar
63,H63_1,1108.46,Habitación con cama matrimonial,Habitación con Spa
63,H63_2,3066.4,Habitación con cama matrimonial,Habitación con Frigobar
63,H63_3,3218.56,Habitación con cama doble,Habitación con Spa
63,H63_4,4533.82,Habitación con una cama,Habitación con Frigobar
63,H63_5,4637.67,Habitación con una cama,Habitación con Jacuzzi
63,H63_6,2946.21,Habitación con una cama,Habitación con Jacuzzi
63,H63_7,3580.7,Habitación con cama matrimonial,Habitación con Frigobar
63,H63_8,2482.77,Habitación con cama doble,Habitación con Spa
63,H63_9,1682.06,Habitación con una cama,Habitación con Frigobar
63,H63_10,1464.15,Habitación con cama doble,Habitación con Spa
63,H63_11,1598.24,Habitación con una cama,Habitación con Spa
63,H63_12,2563.94,Habitación con una cama,Habitación con Spa
63,H63_13,3252.7,Habitación con cama matrimonial,Habitación con Jacuzzi
63,H63_14,4661.41,Habitación con cama doble,Habitación con Jacuzzi
63,H63_15,3441.65,Habitación con cama matrimonial,Habitación con Spa
64,H64_1,2826.08,Habitación con una cama,Habitación con Jacuzzi
64,H64_2,4860.36,Habitación con una cama,Habitación con Frigobar
64,H64_3,4998.41,Habitación con cama doble,Habitación con Spa
64,H64_4,4644.95,Habitación con cama matrimonial,Habitación con Spa
64,H64_5,2256.53,Habitación con una cama,Habitación con Spa
64,H64_6,4505.69,Habitación con cama matrimonial,Habitación con Spa
64,H64_7,1178.17,Habitación con una cama,Habitación con Frigobar
64,H64_8,882.84,Habitación con una cama,Habitación con Spa
64,H64_9,4232.39,Habitación con una cama,Habitación con Frigobar
64,H64_10,1166.14,Habitación con una cama,Habitación con Frigobar
64,H64_11,3442.9,Habitación con cama doble,Habitación con Spa
64,H64_12,4576.33,Habitación con una cama,Habitación con Spa
64,H64_13,1369.0,Habitación con una cama,Habitación con Frigobar
64,H64_14,2996.47,Habitación con cama doble,Habitación con Frigobar
64,H64_15,3614.75,Habitación con una cama,Habitación con Jacuzzi
65,H65_1,3046.33,Habitación con una cama,Habitación con Jacuzzi
65,H65_2,1437.23,Habitación con cama doble,Habitación con Jacuzzi
65,H65_3,3031.16,Habitación con una cama,Habitación con Jacuzzi
65,H65_4,828.78,Habitación con cama matrimonial,Habitación con Spa
65,H65_5,1892.02,Habitación con cama matrimonial,Habitación con Spa
65,H65_6,1695.15,Habitación con cama doble,Habitación con Spa
65,H65_7,4754.22,Habitación con cama doble,Habitación con Frigobar
65,H65_8,2059.31,Habitación con cama matrimonial,Habitación con Jacuzzi
65,H65_9,3077.86,Habitación con cama doble,Habitación con Spa
65,H65_10,4558.44,Habitación con cama matrimonial,Habitación con Spa
65,H65_11,1386.71,Habitación con una cama,Habitación con Jacuzzi
65,H65_12,3697.13,Habitación con una cama,Habitación con Frigobar
65,H65_13,4276.71,Habitación con una cama,Habitación con Spa
65,H65_14,711.27,Habitación con una cama,Habitación con Frigobar
65,H65_15,3652.07,Habitación con cama matrimonial,Habitación con Spa
66,H66_1,919.64,Habitación con una cama,Habitación con Jacuzzi
66,H66_2,1496.48,Habitación con cama doble,Habitación con Jacuzzi
66,H66_3,2597.85,Habitación con cama matrimonial,Habitación con Jacuzzi
66,H66_4,1550.03,Habitación con cama doble,Habitación con Jacuzzi
66,H66_5,2721.25,Habitación con una cama,Habitación con Frigobar
66,H66_6,3331.33,Habitación con una cama,Habitación con Spa
66,H66_7,1781.12,Habitación con cama matrimonial,Habitación con Spa
66,H66_8,3025.17,Habitación con cama doble,Habitación con Spa
66,H66_9,2606.4,Habitación con cama doble,Habitación con Jacuzzi
66,H66_10,2420.12,Habitación con una cama,Habitación con Frigobar
66,H66_11,2974.54,Habitación con cama matrimonial,Habitación con Jacuzzi
66,H66_12,4176.65,Habitación con cama matrimonial,Habitación con Spa
66,H66_13,4892.55,Habitación con cama matrimonial,Habitación con Jacuzzi
66,H66_14,3950.88,Habitación con cama matrimonial,Habitación con Jacuzzi
66,H66_15,1293.6,Habitación con cama matrimonial,Habitación con Jacuzzi
67,H67_1,2559.23,Habitación con una cama,Habitación con Spa
67,H67_2,3395.8,Habitación con cama matrimonial,Habitación con Frigobar
67,H67_3,2703.65,Habitación con cama matrimonial,Habitación con Spa
67,H67_4,2882.27,Habitación con una cama,Habitación con Jacuzzi
67,H67_5,4973.39,Habitación con una cama,Habitación con Frigobar
67,H67_6,4680.01,Habitación con cama matrimonial,Habitación con Jacuzzi
67,H67_7,606.16,Habitación con cama doble,Habitación con Spa
67,H67_8,3984.68,Habitación con una cama,Habitación con Jacuzzi
67,H67_9,4546.43,Habitación con una cama,Habitación con Jacuzzi
67,H67_10,4293.04,Habitación con una cama,Habitación con Spa
67,H67_11,3213.45,Habitación con cama doble,Habitación con Frigobar
67,H67_12,3905.17,Habitación con cama matrimonial,Habitación con Spa
67,H67_13,4811.61,Habitación con cama doble,Habitación con Frigobar
67,H67_14,2228.53,Habitación con cama matrimonial,Habitación con Spa
67,H67_15,4553.69,Habitación con cama matrimonial,Habitación con Frigobar
68,H68_1,786.92,Habitación con cama doble,Habitación con Frigobar
68,H68_2,4542.58,Habitación con cama doble,Habitación con Frigobar
68,H68_3,3186.62,Habitación con cama matrimonial,Habitación con Jacuzzi
68,H68_4,2514.96,Habitación con una cama,Habitación con Frigobar
68,H68_5,3916.68,Habitación con una cama,Habitación con Frigobar
68,H68_6,4106.67,Habitación con cama doble,Habitación con Frigobar
68,H68_7,2116.08,Habitación con cama matrimonial,Habitación con Frigobar
68,H68_8,3973.28,Habitación con cama doble,Habitación con Frigobar
68,H68_9,2224.68,Habitación con cama doble,Habitación con Jacuzzi
68,H68_10,2231.34,Habitación con cama matrimonial,Habitación con Frigobar
68,H68_11,4822.93,Habitación con cama doble,Habitación con Frigobar
68,H68_12,542.77,Habitación con una cama,Habitación con Frigobar
68,H68_13,2884.75,Habitación con cama doble,Habitación con Jacuzzi
68,H68_14,2043.71,Habitación con una cama,Habitación con Spa
68,H68_15,2107.75,Habitación con una cama,Habitación con Spa
69,H69_1,3681.46,Habitación con cama matrimonial,Habitación con Frigobar
69,H69_2,3000.67,Habitación con cama doble,Habitación con Spa
69,H69_3,2701.95,Habitación con cama matrimonial,Habitación con Spa
69,H69_4,2574.86,Habitación con cama doble,Habitación con Spa
69,H69_5,2449.07,Habitación con una cama,Habitación con Spa
69,H69_6,4758.49,Habitación con cama matrimonial,Habitación con Spa
69,H69_7,4952.72,Habitación con una cama,Habitación con Jacuzzi
69,H69_8,1909.53,Habitación con cama doble,Habitación con Jacuzzi
69,H69_9,3175.1,Habitación con cama matrimonial,Habitación con Spa
69,H69_10,1352.29,Habitación con una cama,Habitación con Jacuzzi
69,H69_11,2554.4,Habitación con cama matrimonial,Habitación con Jacuzzi
69,H69_12,1964.51,Habitación con cama matrimonial,Habitación con Frigobar
69,H69_13,2200.75,Habitación con cama doble,Habitación con Spa
69,H69_14,1112.92,Habitación con cama matrimonial,Habitación con Jacuzzi
69,H69_15,1396.2,Habitación con cama doble,Habitación con Spa
70,H70_1,4428.28,Habitación con una cama,Habitación con Jacuzzi
70,H70_2,1450.91,Habitación con cama matrimonial,Habitación con Frigobar
70,H70_3,2434.39,Habitación con cama doble,Habitación con Spa
70,H70_4,1098.01,Habitación con una cama,Habitación con Frigobar
70,H70_5,2504.35,Habitación con cama matrimonial,Habitación con Frigobar
70,H70_6,1795.34,Habitación con una cama,Habitación con Frigobar
70,H70_7,624.88,Habitación con cama matrimonial,Habitación con Jacuzzi
70,H70_8,2196.89,Habitación con una cama,Habitación con Spa
70,H70_9,1987.57,Habitación con cama matrimonial,Habitación con Frigobar
70,H70_10,3312.27,Habitación con cama doble,Habitación con Frigobar
70,H70_11,1027.31,Habitación con una cama,Habitación con Frigobar
70,H70_12,2544.7,Habitación con cama doble,Habitación con Frigobar
70,H70_13,2687.25,Habitación con cama doble,Habitación con Frigobar
70,H70_14,4299.57,Habitación con cama matrimonial,Habitación con Jacuzzi
70,H70_15,3345.78,Habitación con cama doble,Habitación con Frigobar
71,H71_1,1459.47,Habitación con una cama,Habitación con Frigobar
71,H71_2,1276.12,Habitación con cama doble,Habitación con Jacuzzi
71,H71_3,2254.49,Habitación con una cama,Habitación con Jacuzzi
71,H71_4,4379.79,Habitación con una cama,Habitación con Frigobar
71,H71_5,1749.66,Habitación con cama matrimonial,Habitación con Jacuzzi
71,H71_6,2201.55,Habitación con cama matrimonial,Habitación con Jacuzzi
71,H71_7,2784.83,Habitación con cama matrimonial,Habitación con Frigobar
71,H71_8,3110.36,Habitación con cama doble,Habitación con Jacuzzi
71,H71_9,2545.19,Habitación con una cama,Habitación con Frigobar
71,H71_10,4225.66,Habitación con cama doble,Habitación con Spa
71,H71_11,1638.1,Habitación con cama doble,Habitación con Spa
71,H71_12,2859.08,Habitación con una cama,Habitación con Frigobar
71,H71_13,1222.3,Habitación con cama matrimonial,Habitación con Jacuzzi
71,H71_14,1948.04,Habitación con cama matrimonial,Habitación con Spa
71,H71_15,2794.01,Habitación con cama matrimonial,Habitación con Frigobar
72,H72_1,845.66,Habitación con una cama,Habitación con Spa
72,H72_2,1610.25,Habitación con cama doble,Habitación con Jacuzzi
72,H72_3,3309.36,Habitación con una cama,Habitación con Spa
72,H72_4,4871.67,Habitación con una cama,Habitación con Frigobar
72,H72_5,3625.98,Habitación con cama doble,Habitación con Frigobar
72,H72_6,2638.09,Habitación con cama matrimonial,Habitación con Jacuzzi
72,H72_7,2975.63,Habitación con cama doble,Habitación con Spa
72,H72_8,4531.37,Habitación con cama matrimonial,Habitación con Frigobar
72,H72_9,719.78,Habitación con cama doble,Habitación con Jacuzzi
72,H72_10,4186.98,Habitación con una cama,Habitación con Spa
72,H72_11,4100.8,Habitación con cama doble,Habitación con Frigobar
72,H72_12,3930.39,Habitación con cama doble,Habitación con Jacuzzi
72,H72_13,713.21,Habitación con una cama,Habitación con Frigobar
72,H72_14,4676.19,Habitación con una cama,Habitación con Frigobar
72,H72_15,1010.63,Habitación con cama doble,Habitación con Spa
73,H73_1,3405.17,Habitación con cama doble,Habitación con Frigobar
73,H73_2,3272.34,Habitación con cama doble,Habitación con Spa
73,H73_3,1058.63,Habitación con una cama,Habitación con Jacuzzi
73,H73_4,530.19,Habitación con cama matrimonial,Habitación con Jacuzzi
73,H73_5,2057.23,Habitación con cama doble,Habitación con Spa
73,H73_6,1574.41,Habitación con cama doble,Habitación con Frigobar
73,H73_7,3304.94,Habitación con cama doble,Habitación con Spa
73,H73_8,2388.35,Habitación con cama doble,Habitación con Frigobar
73,H73_9,1424.63,Habitación con una cama,Habitación con Spa
73,H73_10,1640.76,Habitación con una cama,Habitación con Frigobar
73,H73_11,4221.11,Habitación con cama doble,Habitación con Spa
73,H73_12,544.46,Habitación con una cama,Habitación con Spa
73,H73_13,3372.11,Habitación con cama matrimonial,Habitación con Frigobar
73,H73_14,1044.14,Habitación con una cama,Habitación con Spa
73,H73_15,3744.99,Habitación con cama matrimonial,Habitación con Spa
74,H74_1,3771.0,Habitación con una cama,Habitación con Spa
74,H74_2,2775.42,Habitación con una cama,Habitación con Frigobar
74,H74_3,4252.92,Habitación con cama doble,Habitación con Spa
74,H74_4,3788.2,Habitación con cama matrimonial,Habitación con Spa
74,H74_5,4964.65,Habitación con cama matrimonial,Habitación con Spa
74,H74_6,2681.03,Habitación con cama matrimonial,Habitación con Frigobar
74,H74_7,1443.5,Habitación con cama doble,Habitación con Spa
74,H74_8,2409.93,Habitación con una cama,Habitación con Jacuzzi
74,H74_9,2044.48,Habitación con cama doble,Habitación con Spa
74,H74_10,4612.8,Habitación con cama doble,Habitación con Spa
74,H74_11,2038.31,Habitación con cama doble,Habitación con Jacuzzi
74,H74_12,1214.39,Habitación con cama matrimonial,Habitación con Jacuzzi
74,H74_13,1127.49,Habitación con cama doble,Habitación con Jacuzzi
74,H74_14,619.66,Habitación con una cama,Habitación con Jacuzzi
74,H74_15,748.7,Habitación con cama matrimonial,Habitación con Jacuzzi
75,H75_1,2297.03,Habitación con cama matrimonial,Habitación con Jacuzzi
75,H75_2,2004.99,Habitación con una cama,Habitación con Spa
75,H75_3,1547.28,Habitación con cama matrimonial,Habitación con Frigobar
75,H75_4,3581.46,Habitación con cama matrimonial,Habitación con Jacuzzi
75,H75_5,4725.67,Habitación con cama matrimonial,Habitación con Frigobar
75,H75_6,993.48,Habitación con cama matrimonial,Habitación con Spa
75,H75_7,3049.43,Habitación con cama matrimonial,Habitación con Jacuzzi
75,H75_8,2018.7,Habitación con cama matrimonial,Habitación con Spa
75,H75_9,3525.63,Habitación con cama doble,Habitación con Frigobar
75,H75_10,4800.76,Habitación con cama doble,Habitación con Spa
75,H75_11,707.42,Habitación con cama matrimonial,Habitación con Frigobar
75,H75_12,628.67,Habitación con cama doble,Habitación con Spa
75,H75_13,897.11,Habitación con cama doble,Habitación con Jacuzzi
75,H75_14,919.69,Habitación con cama doble,Habitación con Spa
75,H75_15,1563.82,Habitación con una cama,Habitación con Spa
76,H76_1,4935.05,Habitación con cama matrimonial,Habitación con Frigobar
76,H76_2,1406.08,Habitación con una cama,Habitación con Frigobar
76,H76_3,4683.86,Habitación con una cama,Habitación con Spa
76,H76_4,2201.88,Habitación con cama doble,Habitación con Spa
76,H76_5,2904.28,Habitación con cama matrimonial,Habitación con Spa
76,H76_6,4519.63,Habitación con cama matrimonial,Habitación con Jacuzzi
76,H76_7,4189.64,Habitación con una cama,Habitación con Frigobar
76,H76_8,2828.59,Habitación con cama doble,Habitación con Spa
76,H76_9,4936.1,Habitación con cama matrimonial,Habitación con Frigobar
76,H76_10,2778.25,Habitación con una cama,Habitación con Frigobar
76,H76_11,3255.4,Habitación con cama doble,Habitación con Frigobar
76,H76_12,1004.27,Habitación con una cama,Habitación con Frigobar
76,H76_13,2860.86,Habitación con una cama,Habitación con Spa
76,H76_14,4982.78,Habitación con una cama,Habitación con Frigobar
76,H76_15,4585.05,Habitación con una cama,Habitación con Jacuzzi
77,H77_1,4576.77,Habitación con cama doble,Habitación con Spa
77,H77_2,4822.99,Habitación con una cama,Habitación con Jacuzzi
77,H77_3,1127.21,Habitación con cama doble,Habitación con Jacuzzi
77,H77_4,945.0,Habitación con cama matrimonial,Habitación con Spa
77,H77_5,2265.67,Habitación con una cama,Habitación con Frigobar
77,H77_6,2026.11,Habitación con cama matrimonial,Habitación con Jacuzzi
77,H77_7,1780.62,Habitación con cama matrimonial,Habitación con Frigobar
77,H77_8,703.98,Habitación con cama doble,Habitación con Frigobar
77,H77_9,2185.01,Habitación con una cama,Habitación con Spa
77,H77_10,4381.61,Habitación con una cama,Habitación con Spa
77,H77_11,2398.19,Habitación con cama matrimonial,Habitación con Jacuzzi
77,H77_12,1878.92,Habitación con cama doble,Habitación con Jacuzzi
77,H77_13,1121.68,Habitación con una cama,Habitación con Jacuzzi
77,H77_14,2234.27,Habitación con cama matrimonial,Habitación con Frigobar
77,H77_15,2426.9,Habitación con cama doble,Habitación con Jacuzzi
78,H78_1,3891.29,Habitación con cama matrimonial,Habitación con Spa
78,H78_2,1289.63,Habitación con una cama,Habitación con Jacuzzi
78,H78_3,653.55,Habitación con una cama,Habitación con Frigobar
78,H78_4,4562.67,Habitación con cama matrimonial,Habitación con Spa
78,H78_5,2966.21,Habitación con una cama,Habitación con Spa
78,H78_6,2974.96,Habitación con una cama,Habitación con Spa
78,H78_7,3879.79,Habitación con cama doble,Habitación con Jacuzzi
78,H78_8,4375.46,Habitación con una cama,Habitación con Jacuzzi
78,H78_9,4211.06,Habitación con cama matrimonial,Habitación con Spa
78,H78_10,1871.56,Habitación con una cama,Habitación con Jacuzzi
78,H78_11,1299.21,Habitación con una cama,Habitación con Frigobar
78,H78_12,539.73,Habitación con una cama,Habitación con Spa
78,H78_13,2461.38,Habitación con cama doble,Habitación con Spa
78,H78_14,2011.42,Habitación con cama matrimonial,Habitación con Jacuzzi
78,H78_15,4634.39,Habitación con una cama,Habitación con Frigobar
79,H79_1,959.62,Habitación con cama matrimonial,Habitación con Jacuzzi
79,H79_2,3165.24,Habitación con cama matrimonial,Habitación con Jacuzzi
79,H79_3,1686.45,Habitación con una cama,Habitación con Spa
79,H79_4,3826.97,Habitación con cama matrimonial,Habitación con Frigobar
79,H79_5,2555.35,Habitación con cama doble,Habitación con Spa
79,H79_6,1871.94,Habitación con cama doble,Habitación con Frigobar
79,H79_7,2122.56,Habitación con cama matrimonial,Habitación con Spa
79,H79_8,3964.2,Habitación con cama matrimonial,Habitación con Spa
79,H79_9,3953.52,Habitación con una cama,Habitación con Frigobar
79,H79_10,3159.02,Habitación con cama matrimonial,Habitación con Spa
79,H79_11,2891.68,Habitación con una cama,Habitación con Jacuzzi
79,H79_12,2372.73,Habitación con cama doble,Habitación con Frigobar
79,H79_13,3815.18,Habitación con cama matrimonial,Habitación con Jacuzzi
79,H79_14,4166.13,Habitación con cama doble,Habitación con Jacuzzi
79,H79_15,4337.94,Habitación con cama doble,Habitación con Jacuzzi
80,H80_1,1191.39,Habitación con cama matrimonial,Habitación con Jacuzzi
80,H80_2,3384.66,Habitación con cama matrimonial,Habitación con Jacuzzi
80,H80_3,2113.79,Habitación con cama matrimonial,Habitación con Jacuzzi
80,H80_4,1842.7,Habitación con una cama,Habitación con Frigobar
80,H80_5,2890.45,Habitación con cama matrimonial,Habitación con Spa
80,H80_6,1035.85,Habitación con cama matrimonial,Habitación con Spa
80,H80_7,1241.11,Habitación con cama matrimonial,Habitación con Frigobar
80,H80_8,2954.38,Habitación con cama doble,Habitación con Jacuzzi
80,H80_9,991.64,Habitación con cama doble,Habitación con Spa
80,H80_10,2343.3,Habitación con cama doble,Habitación con Frigobar
80,H80_11,2975.15,Habitación con cama doble,Habitación con Frigobar
80,H80_12,3241.67,Habitación con una cama,Habitación con Jacuzzi
80,H80_13,1372.97,Habitación con una cama,Habitación con Frigobar
80,H80_14,3970.39,Habitación con cama matrimonial,Habitación con Spa
80,H80_15,4289.92,Habitación con cama matrimonial,Habitación con Jacuzzi
